{
  "version": "0.2",
  "language": "en",
  "enableFiletypes": [
    "markdown",
    "mdx",
    "typescript",
    "typescriptreact",
    "javascript",
    "javascriptreact"
  ],
  "ignorePaths": [
    ".cspell.json",
    ".github/workflows/**",
    ".vscode/*.json",
    "**/*.{json,snap}",
    "**/**/CHANGELOG.md",
    "**/**/CONTRIBUTORS.md",
    "**/**/TSLINT_RULE_ALTERNATIVES.md",
    "**/coverage/**",
    "**/dist/**",
    "**/fixtures/**",
    "**/node_modules/**",
    "packages/website/.docusaurus/**",
    "packages/website/build/**",
    "packages/website/src/vendor/**",
    "yarn.lock"
  ],
  "dictionaries": [
    "typescript",
    "softwareTerms",
    "node",
    "en_US",
    "npm",
    "misc",
    "filetypes"
  ],
  "ignoreRegExpList": [
    "/```[\\w\\W]*?```/",
    "/~~~[\\w\\W]*?~~~/",
    "/``[\\w\\W]*?``/",
    "/`[^`]*`/",
    "/\\.\\/docs\\/rules\\/[^.]*.md/",
    "/@typescript-eslint\\/[a-z-]+/",
    "/\\.all-contributorsrc/",
    "/TS[^\\s]+/",
    "\\(#.+?\\)"
  ],
  "words": [
    "Airbnb",
    "Airbnb's",
    "allowdefaultproject",
    "allowdefaultprojectforfiles",
    "allowforknownsafecalls",
    "allowforknownsafepromises",
    "ambiently",
    "Arka",
    "Armano",
    "astexplorer",
    "Astro",
    "ASTs",
    "Aubut",
    "autofix",
    "autofixers",
    "autofixes",
    "automations",
    "auvred",
    "Bachman",
    "backticks",
    "Bekkhus",
    "bigint",
    "bivariant",
    "Bjorn",
    "blockless",
    "blurple",
    "bradzacher",
    "Burzyński",
    "camelcase",
    "Cann",
    "canonicalize",
    "Cena",
    "Chaudhuri",
    "Cheung",
    "codebases",
    "Codecov",
    "contravariant",
    "Crockford",
    "declarators",
    "Dědič",
    "destructure",
    "destructured",
    "destructures",
    "discoverability",
    "dprint",
    "dummypkg",
    "errored",
    "erroring",
    "ESLint",
    "ESLint's",
    "espree",
    "esquery",
    "esrecurse",
    "estree",
    "extrafileextensions",
    "falsiness",
    "filespecifier",
    "fisker",
    "García",
    "globby",
    "Hasegawa",
    "Huchedé",
    "IDE's",
    "ignoreconditionaltests",
    "IIFE",
    "IIFEs",
    "jameshenry",
    "joshuakgoldberg",
    "Katt",
    "kirkwaiblinger",
    "libspecifier",
    "linebreaks",
    "Lundberg",
    "lzstring",
    "Marek",
    "markdownlint",
    "Marminge",
    "Mateusz",
    "Menke",
    "metastring",
    "Mishkin",
    "Mugabo",
    "multipass",
    "Nandi",
    "necroing",
    "Nicolò",
    "nocheck",
    "noninteractive",
    "Nrwl",
    "nullish",
    "nx",
    "nx's",
    "onboarded",
    "OOM",
    "OOMs",
    "oxlint",
    "packagespecifier",
    "parameterised",
    "performant",
    "pluggable",
    "postprocess",
    "postprocessor",
    "Pratim",
    "preact",
    "Premade",
    "prettier's",
    "projectservice",
    "quasis",
    "Quickstart",
    "Rebecca",
    "recurse",
    "redeclaration",
    "redeclarations",
    "redeclared",
    "reimplement",
    "resync",
    "Ribaudo",
    "ROADMAP",
    "Romain",
    "Rosenwasser",
    "ruleset",
    "rulesets",
    "serializers",
    "Sheetal",
    "Simen",
    "Sourcegraph",
    "stringification",
    "stringifying",
    "stringly",
    "subclassing",
    "Sukka",
    "superset",
    "thenables",
    "Tobbe",
    "transpiled",
    "transpiles",
    "transpiling",
    "triaging",
    "trpc",
    "tsconfigrootdir",
    "tsconfigs",
    "tseslint",
    "tsvfs",
    "typedef",
    "typedefs",
    "unawaited",
    "unfixable",
    "unoptimized",
    "unprefixed",
    "upsert",
    "useprojectservice",
    "Verité",
    "Waiblinger",
    "warnonunsupportedtypescriptversion",
    "Yukihiro",
    "Zacher"
  ],
  "overrides": [
    {
      "filename": "**/*.{ts,mts,cts,js,cjs,mjs,tsx,jsx}",
      "ignoreRegExpList": ["/@[a-z]+/", "/#(end)?region/"],
      "includeRegExpList": [
        "/\\/\\*[\\s\\S]*?\\*\\/|([^\\\\:]|^)\\/\\/.*$/",
        "/(\\/\\/[^\\n\\r]*[\\n\\r]+)/"
      ]
    }
  ]
}
